Portfolio_Return,Portfolio_Volatility,Portfolio_Sharpe_Ratio,Portfolio_Alpha
0.12189694452428142,0.006710333371073262,11.563798731488424,0.07759694452428142
