Top_10_Sparse_Weights_Sum,Top_10_Sparse_Return,Top_10_Sparse_Volatility,Top_10_Sparse_Sharpe
0.19690907812581593,0.049251251418328694,0.0014860049108822843,3.33192130259448
